task,split,image_id,y_true,y_pred
weight,val,0908,0.277,0.2503274999999999
weight,val,0909,0.28,0.2504274999999999
weight,val,0910,0.277,0.2349424999999998
weight,val,0911,0.257,0.22692749999999978
weight,val,0912,0.275,0.25334974999999943
weight,val,0913,0.273,0.23434500000000014
weight,val,0914,0.295,0.2530450000000001
weight,val,0915,0.272,0.2534074999999997
weight,val,0916,0.212,0.24030849999999973
weight,val,0917,0.245,0.23868499999999987
weight,val,0918,0.239,0.2447967499999998
weight,val,0919,0.237,0.23345749999999996
weight,val,0920,0.246,0.24216424999999986
weight,val,0921,0.233,0.24261175000000001
weight,val,0922,0.239,0.24670000000000006
weight,val,0923,0.239,0.23507499999999998
weight,val,0924,0.253,0.237141
weight,val,0925,0.243,0.2348062500000001
weight,val,0926,0.234,0.24045750000000005
weight,val,0927,0.211,0.23125524999999963
weight,val,0928,0.259,0.25141124999999975
weight,val,0929,0.187,0.22384999999999988
weight,val,0930,0.238,0.24481149999999982
weight,val,0931,0.242,0.22855000000000014
weight,val,0932,0.235,0.24565499999999993
weight,val,0933,0.222,0.2566925
weight,val,0934,0.205,0.23715250000000002
weight,val,0935,0.198,0.237845
weight,val,0936,0.25,0.2462449999999998
weight,val,0937,0.194,0.2427624999999998
weight,val,0938,0.24,0.22662499999999983
weight,val,0939,0.308,0.2566382499999993
weight,val,0940,0.222,0.23276849999999985
weight,val,0941,0.26,0.25030424999999984
weight,val,0942,0.22,0.2500899999999998
weight,val,0943,0.25,0.24172624999999942
weight,val,0944,0.244,0.24437374999999986
weight,val,0945,0.251,0.248108
weight,val,0946,0.185,0.23760000000000006
weight,val,0947,0.238,0.24654499999999968
weight,val,0948,0.226,0.2376549999999999
weight,val,0949,0.242,0.23646499999999984
weight,val,0950,0.226,0.24042174999999977
weight,val,0951,0.26,0.23265
weight,val,0952,0.217,0.23943749999999953
weight,val,0953,0.208,0.2462442499999996
weight,val,0954,0.283,0.25105249999999985
weight,val,0955,0.218,0.24849949999999996
weight,val,0956,0.278,0.23854599999999984
weight,val,0957,0.246,0.24739674999999978
weight,val,0958,0.271,0.2508077499999998
weight,val,0959,0.238,0.2436542499999998
weight,val,0960,0.229,0.23011249999999986
weight,val,0961,0.239,0.25213174999999977
weight,val,0962,0.215,0.24673349999999986
weight,val,0963,0.219,0.23410249999999982
weight,val,0964,0.22,0.2356899999999996
weight,val,0965,0.216,0.2402875000000001
weight,val,0966,0.229,0.24480524999999972
weight,val,0967,0.209,0.24738499999999936
weight,val,0968,0.219,0.24183249999999964
weight,val,0969,0.252,0.24471274999999987
weight,val,0970,0.23,0.24313374999999987
weight,val,0971,0.195,0.22539249999999988
weight,val,0972,0.217,0.2424100000000001
weight,val,0973,0.237,0.2532377499999997
weight,val,0974,0.243,0.23951500000000006
weight,val,0975,0.285,0.2328199999999999
weight,val,0976,0.28,0.2687050000000002
weight,val,0977,0.294,0.25047174999999977
weight,val,0978,0.29,0.25178624999999966
weight,val,0979,0.258,0.2495517499999997
weight,val,0980,0.256,0.24618749999999992
weight,val,0981,0.237,0.23582749999999983
weight,val,0982,0.265,0.24502349999999976
weight,val,0983,0.216,0.24163749999999976
weight,val,0984,0.236,0.2374792499999998
weight,val,0985,0.264,0.2574649999999999
weight,val,0986,0.242,0.24136699999999978
weight,val,0987,0.234,0.2373499999999997
weight,val,0988,0.227,0.24551999999999993
weight,val,0989,0.223,0.21230999999999983
weight,val,0990,0.267,0.2481887499999997
weight,val,0991,0.267,0.2504977499999999
weight,val,0992,0.214,0.2360367499999999
weight,val,0993,0.279,0.26442774999999985
weight,val,0994,0.288,0.2610717499999997
weight,val,0995,0.3,0.26885249999999977
weight,val,0996,0.207,0.24674500000000024
weight,val,0997,0.234,0.2502685
weight,val,0998,0.218,0.23869324999999958
weight,val,0999,0.211,0.2585594999999996
weight,val,1000,0.212,0.23449199999999984
weight,val,1372,0.3,0.2623935000000001
weight,val,1373,0.275,0.24005675000000026
weight,val,1374,0.277,0.24838750000000023
weight,val,1375,0.261,0.24903175000000047
weight,val,1376,0.278,0.22676750000000012
weight,val,1377,0.301,0.2520767500000002
weight,val,1378,0.283,0.24118250000000027
weight,val,1379,0.28,0.23606500000000033
weight,val,1380,0.235,0.19008250000000007
weight,val,1381,0.272,0.20264250000000028
weight,val,1382,0.283,0.22415750000000043
weight,val,1383,0.286,0.24605175000000007
weight,val,1384,0.25,0.2424217500000001
weight,val,1385,0.299,0.22363250000000004
weight,val,1386,0.293,0.23187750000000032
weight,val,1387,0.283,0.25158000000000025
weight,val,1388,0.245,0.21518750000000036
weight,val,1389,0.283,0.2236649999999999
weight,val,1390,0.234,0.2023825000000003
weight,val,1391,0.24,0.2166500000000003
weight,val,1392,0.22,0.23181499999999977
weight,val,1393,0.303,0.2724799999999996
weight,val,1394,0.266,0.23027000000000053
weight,val,1395,0.267,0.2371167500000003
weight,val,1396,0.2,0.2123175000000003
weight,val,1397,0.285,0.22548999999999986
weight,val,1398,0.275,0.21327500000000033
weight,val,1399,0.25,0.23044250000000027
weight,val,1400,0.275,0.21078749999999988
weight,val,1401,0.3,0.2407400000000002
weight,val,1402,0.283,0.23392749999999998
weight,val,1403,0.254,0.21823925000000027
weight,val,1404,0.253,0.19685249999999982
weight,val,1405,0.324,0.24416750000000018
weight,val,1406,0.324,0.24071749999999995
weight,val,1407,0.275,0.23067249999999995
weight,val,1408,0.233,0.2151199999999999
weight,val,1409,0.284,0.21310999999999963
weight,val,1410,0.24,0.2164449999999997
weight,val,1411,0.313,0.2754224999999998
weight,val,1412,0.257,0.22361749999999972
weight,val,1413,0.298,0.2425125000000005
weight,val,1414,0.232,0.21426000000000034
weight,val,1415,0.256,0.21488750000000045
weight,val,1416,0.219,0.2247850000000002
weight,val,1417,0.223,0.1963649999999998
weight,val,1418,0.234,0.2114875000000005
weight,val,1419,0.267,0.21752000000000027
weight,val,1420,0.254,0.2336300000000004
weight,val,1421,0.258,0.2249800000000003
weight,val,1422,0.234,0.19178
weight,val,1423,0.254,0.23263750000000055
weight,val,1424,0.249,0.20913250000000003
weight,val,1425,0.295,0.23883500000000055
weight,val,1426,0.275,0.2317750000000002
weight,val,1427,0.278,0.22891175000000039
weight,val,1428,0.263,0.20029500000000064
weight,val,1429,0.27,0.22179175000000037
weight,val,1430,0.232,0.18756000000000017
weight,val,1431,0.277,0.21283250000000034
weight,val,1432,0.224,0.2000350000000003
weight,val,1433,0.224,0.2017100000000005
weight,val,1434,0.276,0.20002500000000012
weight,val,1435,0.275,0.24812500000000046
weight,val,1436,0.295,0.23898
weight,val,1437,0.254,0.23459249999999973
weight,val,1438,0.326,0.2528525000000005
weight,val,1439,0.267,0.21060500000000004
weight,val,1440,0.277,0.2347550000000003
weight,val,1441,0.243,0.21642500000000026
weight,val,1442,0.25,0.21515000000000029
weight,val,1443,0.227,0.2214017500000003
weight,val,1444,0.27,0.24440749999999994
weight,val,1445,0.267,0.22532250000000015
weight,val,1446,0.217,0.2039025
weight,val,1447,0.241,0.21604250000000047
weight,val,1448,0.341,0.25876249999999995
weight,val,1449,0.29,0.2328475
weight,val,1450,0.252,0.24056999999999973
weight,val,1451,0.291,0.24136250000000026
weight,val,1452,0.252,0.2068875000000002
weight,val,1453,0.225,0.21573000000000028
weight,val,1454,0.242,0.2096774999999997
weight,val,1455,0.263,0.2415374999999999
weight,val,1456,0.22,0.2128449999999999
weight,val,1457,0.231,0.2384292500000003
weight,val,1458,0.251,0.22125749999999994
weight,val,1459,0.262,0.2282325000000001
weight,val,1460,0.293,0.2206817500000004
weight,val,1461,0.25,0.20677999999999994
weight,val,1462,0.221,0.24884925000000024
weight,val,1463,0.285,0.24667750000000038
weight,val,1464,0.254,0.23725750000000023
weight,val,1465,0.248,0.22973750000000023
weight,val,1466,0.283,0.23971
weight,val,1467,0.301,0.22507500000000027
weight,val,1468,0.257,0.21725250000000026
weight,val,1469,0.298,0.2592024999999999
weight,val,1470,0.248,0.2158125000000002
weight,val,1471,0.226,0.2182224999999997
weight,val,1472,0.271,0.2502900000000004
weight,val,1473,0.273,0.23600750000000023
weight,val,1474,0.235,0.2322149999999999
weight,val,1475,0.25,0.22838499999999995
weight,val,1476,0.23,0.22796425000000023
weight,val,1477,0.29,0.2664275000000002
weight,val,1478,0.25,0.21492749999999983
weight,val,1479,0.264,0.24915175000000034
weight,val,1480,0.185,0.20324249999999996
weight,val,1481,0.248,0.2310875000000001
weight,val,1482,0.235,0.24665750000000075
weight,val,1483,0.24,0.2234750000000002
weight,val,1484,0.216,0.21052249999999986
weight,val,1485,0.24,0.20652750000000025
weight,val,1486,0.249,0.22627750000000027
weight,val,1487,0.234,0.19306750000000006
weight,val,1488,0.256,0.2623167500000001
weight,val,1489,0.243,0.2339850000000002
weight,val,1490,0.234,0.20654249999999988
weight,val,1491,0.242,0.2120925000000003
weight,val,1492,0.219,0.25285425000000034
weight,val,1493,0.226,0.23443000000000006
weight,val,1494,0.207,0.21373425000000032
weight,val,1495,0.263,0.2618442500000002
weight,val,1496,0.204,0.22367500000000023
weight,val,1497,0.2221,0.21547499999999975
weight,val,1498,0.191,0.22700249999999975
weight,val,1499,0.256,0.23965999999999987
weight,test,0001,0.114,0.1796425
weight,test,0002,0.142,0.17547750000000004
weight,test,0003,0.124,0.17641
weight,test,0004,0.111,0.166455
weight,test,0005,0.1,0.18056750000000005
weight,test,0006,0.106,0.17822000000000007
weight,test,0007,0.1,0.1864674999999999
weight,test,0008,0.058,0.18209250000000002
weight,test,0009,0.086,0.1849349999999998
weight,test,0010,0.099,0.17149250000000016
weight,test,0054,0.208,0.19247249999999988
weight,test,0055,0.224,0.23172750000000003
weight,test,0056,0.18,0.18723249999999994
weight,test,0057,0.246,0.20908499999999974
weight,test,0058,0.194,0.17383000000000007
weight,test,0059,0.215,0.22576499999999966
weight,test,0060,0.14,0.17736500000000008
weight,test,0061,0.157,0.17373749999999982
weight,test,0062,0.2,0.17852999999999983
weight,test,0063,0.204,0.2157425000000001
weight,test,0064,0.228,0.19039749999999978
weight,test,0065,0.19,0.20748750000000019
weight,test,0066,0.175,0.20680174999999995
weight,test,0067,0.2,0.2167925000000003
weight,test,0068,0.173,0.18634499999999957
weight,test,0069,0.196,0.20450924999999998
weight,test,0070,0.203,0.2098824999999998
weight,test,0071,0.235,0.21962499999999982
weight,test,0072,0.18,0.21250750000000004
weight,test,0073,0.191,0.18912999999999983
weight,test,0074,0.175,0.21663500000000002
weight,test,0075,0.185,0.2062224999999999
weight,test,0076,0.161,0.21407499999999977
weight,test,0077,0.236,0.2058774999999998
weight,test,0078,0.173,0.1906349999999998
weight,test,0079,0.151,0.17035249999999966
weight,test,0080,0.17,0.1633424999999999
weight,test,0081,0.162,0.22114924999999977
weight,test,0082,0.11,0.16423000000000001
weight,test,0083,0.178,0.2143749999999999
weight,test,0084,0.17,0.17574999999999977
weight,test,0085,0.187,0.18547000000000005
weight,test,0086,0.168,0.19597499999999995
weight,test,0087,0.172,0.20682499999999998
weight,test,0088,0.184,0.18535299999999982
weight,test,0089,0.182,0.22055500000000008
weight,test,0090,0.171,0.19007749999999987
weight,test,0091,0.2,0.2073199999999997
weight,test,0092,0.198,0.2052499999999996
weight,test,0093,0.186,0.17630025000000007
weight,test,0094,0.179,0.19946999999999954
weight,test,0095,0.171,0.17856749999999985
weight,test,0096,0.203,0.22037749999999964
weight,test,0097,0.168,0.21738749999999998
weight,test,0098,0.21,0.2110574999999999
weight,test,0099,0.2,0.2122267500000003
weight,test,0100,0.27,0.2354174999999999
weight,test,0101,0.18,0.20834499999999984
weight,test,0102,0.203,0.20489925000000003
weight,test,1002,0.224,0.24269999999999978
weight,test,1003,0.287,0.2580475000000002
weight,test,1004,0.227,0.23141999999999982
weight,test,1005,0.217,0.24709249999999983
weight,test,1006,0.274,0.2526909999999997
weight,test,1007,0.277,0.23840999999999993
weight,test,1008,0.205,0.23026249999999998
weight,test,1009,0.251,0.2465975
weight,test,1010,0.256,0.24169749999999987
weight,test,1011,0.243,0.2448292499999998
weight,test,1012,0.24,0.2509375
weight,test,1013,0.226,0.24697499999999978
weight,test,1014,0.263,0.24761399999999972
weight,test,1015,0.251,0.25045599999999985
weight,test,1016,0.209,0.24431249999999963
weight,test,1017,0.283,0.24657500000000007
weight,test,1018,0.233,0.24060174999999998
weight,test,1019,0.229,0.24245250000000015
weight,test,1020,0.283,0.2471477499999998
weight,test,1021,0.253,0.250755
weight,test,1022,0.27,0.245975
weight,test,1023,0.202,0.23406249999999987
weight,test,1024,0.255,0.2387634999999998
weight,test,1025,0.203,0.24119374999999973
weight,test,1026,0.183,0.23714999999999992
weight,test,1027,0.195,0.2314974999999999
weight,test,1028,0.217,0.23531499999999994
weight,test,1029,0.217,0.24308749999999982
weight,test,1030,0.21,0.2433452499999998
weight,test,1031,0.247,0.24813
weight,test,1032,0.267,0.23598000000000002
weight,test,1033,0.273,0.25563175
weight,test,1034,0.267,0.25568499999999994
weight,test,1035,0.291,0.2538492500000001
weight,test,1036,0.243,0.259435
weight,test,1037,0.262,0.2582820000000001
weight,test,1038,0.248,0.2605685000000002
weight,test,1039,0.281,0.2581025
weight,test,1040,0.283,0.25449225
weight,test,1041,0.246,0.24587500000000012
weight,test,1042,0.316,0.25742625
weight,test,1043,0.248,0.24113850000000003
weight,test,1044,0.222,0.23560199999999995
weight,test,1045,0.237,0.23245275000000004
weight,test,1046,0.215,0.23903749999999968
weight,test,1047,0.253,0.2656234999999999
weight,test,1048,0.212,0.22128175000000003
weight,test,1049,0.213,0.24595274999999975
weight,test,1050,0.214,0.24576125000000004
weight,test,1051,0.222,0.26872500000000005
weight,test,1052,0.209,0.2441385
weight,test,1053,0.28,0.26104674999999994
weight,test,1054,0.281,0.25569449999999977
weight,test,1055,0.209,0.24524750000000012
weight,test,1056,0.145,0.22960999999999976
weight,test,1057,0.226,0.2649894999999995
weight,test,1058,0.301,0.24987750000000017
weight,test,1059,0.268,0.25515
weight,test,1060,0.249,0.23750750000000032
weight,test,1061,0.23,0.24240999999999982
weight,test,1062,0.257,0.24699499999999966
weight,test,1063,0.27,0.26370974999999985
weight,test,1064,0.247,0.23717500000000016
weight,test,1065,0.22,0.24505350000000017
weight,test,1066,0.222,0.24660849999999995
weight,test,1067,0.254,0.24062750000000002
weight,test,1068,0.263,0.26894025000000005
weight,test,1069,0.242,0.2301997500000003
weight,test,1070,0.25,0.2577829999999999
weight,test,1071,0.185,0.22920174999999973
weight,test,1072,0.224,0.2543474999999999
weight,test,1073,0.261,0.23689749999999996
weight,test,1074,0.247,0.24729249999999986
weight,test,1075,0.271,0.23886500000000008
weight,test,1076,0.226,0.22685499999999983
weight,test,1077,0.223,0.2473787500000001
weight,test,1078,0.204,0.24117599999999992
weight,test,1079,0.209,0.24318424999999994
weight,test,1080,0.201,0.23184249999999992
length,val,0908,23.6,21.646324999999994
length,val,0909,21.5,21.35005000000001
length,val,0910,22.0,20.84024999999998
length,val,0911,21.23,20.75490000000003
length,val,0912,22.84,21.53002500000001
length,val,0913,22.44,20.895949999999992
length,val,0914,23.0,21.64252499999999
length,val,0915,20.46,21.463350000000005
length,val,0916,20.9,21.316025000000028
length,val,0917,20.76,21.29405
length,val,0918,22.54,21.224825000000013
length,val,0919,20.64,21.021125000000012
length,val,0920,21.43,21.087125000000025
length,val,0921,20.97,21.139474999999983
length,val,0922,19.86,21.694199999999995
length,val,0923,19.86,20.733875
length,val,0924,21.74,21.079250000000016
length,val,0925,21.32,21.116875000000018
length,val,0926,18.64,21.225075000000015
length,val,0927,18.22,20.832800000000006
length,val,0928,20.02,21.313625000000016
length,val,0929,17.5,20.394550000000006
length,val,0930,20.43,21.073650000000008
length,val,0931,20.78,20.732425000000006
length,val,0932,20.8,21.090075000000027
length,val,0933,19.2,21.589549999999985
length,val,0934,18.31,20.848975000000014
length,val,0935,18.6,20.790024999999968
length,val,0936,21.27,21.51472500000001
length,val,0937,18.03,21.331924999999988
length,val,0938,21.15,20.836350000000017
length,val,0939,22.63,21.915550000000007
length,val,0940,20.5,20.98142500000001
length,val,0941,21.06,21.29870000000001
length,val,0942,20.47,21.483149999999988
length,val,0943,20.34,21.277450000000016
length,val,0944,20.38,21.46689999999999
length,val,0945,21.06,21.583325
length,val,0946,19.7,20.740174999999986
length,val,0947,20.94,21.585799999999985
length,val,0948,20.73,21.165599999999987
length,val,0949,20.37,21.157249999999998
length,val,0950,19.8,21.486274999999974
length,val,0951,21.16,21.195325000000008
length,val,0952,20.0,20.52549999999995
length,val,0953,19.85,21.492049999999985
length,val,0954,21.24,21.630925
length,val,0955,19.16,21.74977500000001
length,val,0956,20.63,21.042274999999986
length,val,0957,19.92,21.48815
length,val,0958,21.98,21.599425000000014
length,val,0959,21.32,21.511674999999986
length,val,0960,20.0,21.078250000000008
length,val,0961,20.16,21.452124999999988
length,val,0962,21.4,21.579199999999982
length,val,0963,19.88,20.746125000000006
length,val,0964,19.41,20.659174999999983
length,val,0965,18.89,21.167199999999994
length,val,0966,20.38,21.431525000000033
length,val,0967,19.8,20.809724999999993
length,val,0968,20.6,21.167824999999983
length,val,0969,20.54,21.453574999999983
length,val,0970,20.76,21.446550000000016
length,val,0971,18.55,20.852749999999997
length,val,0972,22.14,21.297799999999974
length,val,0973,20.9,21.560049999999993
length,val,0974,20.64,21.388950000000033
length,val,0975,20.86,20.762449999999987
length,val,0976,22.34,21.426250000000003
length,val,0977,22.5,21.567049999999984
length,val,0978,21.75,21.680999999999997
length,val,0979,22.6,21.525049999999982
length,val,0980,21.31,20.929250000000007
length,val,0981,21.92,21.21545000000001
length,val,0982,21.44,21.390849999999983
length,val,0983,19.49,21.18737500000001
length,val,0984,19.66,21.184000000000015
length,val,0985,21.94,21.88794999999998
length,val,0986,22.63,21.624475000000007
length,val,0987,19.97,20.869299999999967
length,val,0988,20.31,21.050174999999996
length,val,0989,20.03,20.37529999999996
length,val,0990,22.68,21.66137500000002
length,val,0991,20.59,21.77072499999999
length,val,0992,19.04,21.151199999999996
length,val,0993,21.43,21.95677499999999
length,val,0994,21.87,21.716325
length,val,0995,22.26,21.850574999999978
length,val,0996,21.8,21.07557500000001
length,val,0997,21.48,21.80155
length,val,0998,19.0,21.22182500000002
length,val,0999,20.48,21.654249999999966
length,val,1000,20.14,20.879700000000003
length,val,1372,21.74,21.703674999999997
length,val,1373,21.8,20.901125000000015
length,val,1374,21.34,21.13285000000001
length,val,1375,21.44,21.37595000000001
length,val,1376,22.51,20.261399999999995
length,val,1377,22.77,21.462399999999985
length,val,1378,21.6,20.722899999999985
length,val,1379,21.04,20.577824999999976
length,val,1380,18.0,18.601550000000003
length,val,1381,20.89,19.488424999999992
length,val,1382,21.33,20.455574999999975
length,val,1383,21.9,21.31567500000001
length,val,1384,21.3,20.81127500000002
length,val,1385,21.53,20.373075
length,val,1386,21.52,20.37817499999999
length,val,1387,22.0,21.227750000000004
length,val,1388,20.16,19.832450000000016
length,val,1389,21.52,20.129975000000005
length,val,1390,19.0,19.64945
length,val,1391,19.4,19.955974999999988
length,val,1392,20.38,20.42737500000001
length,val,1393,22.38,22.000899999999987
length,val,1394,22.0,20.305549999999986
length,val,1395,19.83,20.740650000000006
length,val,1396,19.0,19.955174999999986
length,val,1397,20.86,20.4179
length,val,1398,21.6,19.803900000000013
length,val,1399,19.47,20.45249999999998
length,val,1400,19.62,19.50460000000001
length,val,1401,22.76,21.020875000000004
length,val,1402,22.13,20.64867500000001
length,val,1403,21.08,20.005274999999994
length,val,1404,20.0,19.62009999999999
length,val,1405,21.84,20.96822499999999
length,val,1406,23.7,20.76352500000001
length,val,1407,20.38,20.41077499999999
length,val,1408,19.88,19.57617499999999
length,val,1409,22.62,19.84607499999999
length,val,1410,21.62,20.114849999999997
length,val,1411,22.9,22.11855
length,val,1412,20.09,20.22807500000002
length,val,1413,22.0,21.002725000000012
length,val,1414,19.0,19.979724999999988
length,val,1415,20.7,19.997624999999996
length,val,1416,21.0,20.364449999999966
length,val,1417,19.1,19.50172500000001
length,val,1418,18.9,19.946949999999987
length,val,1419,20.0,19.965325000000004
length,val,1420,20.1,20.620375000000017
length,val,1421,20.27,20.33394999999997
length,val,1422,20.2,19.09867500000001
length,val,1423,20.34,20.447974999999975
length,val,1424,21.0,19.924225000000007
length,val,1425,21.24,21.08347500000001
length,val,1426,21.92,20.59485
length,val,1427,19.84,20.445999999999998
length,val,1428,20.0,19.312749999999976
length,val,1429,20.55,20.270400000000016
length,val,1430,19.0,18.859724999999987
length,val,1431,21.1,20.041274999999988
length,val,1432,19.3,19.440525
length,val,1433,18.65,19.499049999999972
length,val,1434,22.0,19.11237500000001
length,val,1435,21.8,21.118199999999987
length,val,1436,22.0,20.575825000000012
length,val,1437,21.0,20.234849999999984
length,val,1438,22.66,21.462749999999982
length,val,1439,21.4,19.11712500000003
length,val,1440,20.0,20.265099999999975
length,val,1441,20.15,20.093674999999976
length,val,1442,20.32,20.19907499999998
length,val,1443,18.8,20.1312
length,val,1444,21.33,20.537950000000013
length,val,1445,21.13,20.394875000000006
length,val,1446,19.05,19.639075000000012
length,val,1447,19.79,20.193274999999968
length,val,1448,23.4,21.34685
length,val,1449,22.21,20.415100000000006
length,val,1450,21.43,20.589700000000015
length,val,1451,21.67,21.05079999999998
length,val,1452,20.16,19.699399999999997
length,val,1453,20.0,20.131950000000003
length,val,1454,20.72,19.954050000000006
length,val,1455,20.6,20.914974999999995
length,val,1456,19.3,20.043050000000008
length,val,1457,20.4,20.915575
length,val,1458,20.9,20.1476
length,val,1459,21.8,20.404149999999966
length,val,1460,22.0,20.203900000000004
length,val,1461,20.2,19.546299999999988
length,val,1462,20.0,21.196399999999993
length,val,1463,21.96,21.254999999999992
length,val,1464,21.15,20.680774999999986
length,val,1465,19.83,20.274274999999978
length,val,1466,21.39,20.621474999999997
length,val,1467,23.0,20.26412499999999
length,val,1468,21.46,20.012774999999987
length,val,1469,21.68,21.482649999999992
length,val,1470,20.0,20.192474999999977
length,val,1471,20.2,20.079325000000004
length,val,1472,21.06,21.416325
length,val,1473,20.47,20.718725000000003
length,val,1474,19.68,20.386450000000032
length,val,1475,21.15,20.391675
length,val,1476,19.5,20.406900000000018
length,val,1477,22.3,21.768924999999985
length,val,1478,20.75,20.019824999999997
length,val,1479,20.32,21.15689999999998
length,val,1480,18.9,19.567750000000007
length,val,1481,19.0,20.397174999999994
length,val,1482,21.11,21.295625000000015
length,val,1483,20.0,19.990100000000005
length,val,1484,19.94,19.631250000000023
length,val,1485,20.35,19.573424999999983
length,val,1486,21.6,20.588425000000015
length,val,1487,18.66,18.88610000000002
length,val,1488,21.9,21.75302499999999
length,val,1489,20.52,20.634525000000007
length,val,1490,20.24,19.777749999999987
length,val,1491,20.73,19.693249999999967
length,val,1492,21.0,21.609224999999988
length,val,1493,20.0,20.75195000000001
length,val,1494,18.12,19.944625000000006
length,val,1495,21.26,21.692625
length,val,1496,18.36,20.169499999999967
length,val,1497,20.56,19.906325
length,val,1498,20.0,20.42477500000002
length,val,1499,21.89,21.045674999999996
length,test,0001,13.5,18.437649999999984
length,test,0002,16.0,18.148574999999997
length,test,0003,15.0,17.795174999999986
length,test,0004,13.0,17.709099999999978
length,test,0005,14.0,17.812774999999984
length,test,0006,15.0,17.85074999999999
length,test,0007,14.0,17.920899999999985
length,test,0008,11.0,17.877149999999986
length,test,0009,13.0,17.73372499999999
length,test,0010,12.0,17.858074999999996
length,test,0054,19.22,18.792375000000007
length,test,0055,21.42,19.525099999999988
length,test,0056,18.99,18.370250000000016
length,test,0057,21.04,19.69362499999997
length,test,0058,18.25,18.287950000000002
length,test,0059,21.25,20.592674999999968
length,test,0060,17.28,17.864199999999986
length,test,0061,16.62,18.340024999999994
length,test,0062,19.19,18.526425000000014
length,test,0063,20.98,19.830324999999977
length,test,0064,20.01,19.14327500000001
length,test,0065,17.56,19.723900000000004
length,test,0066,18.37,19.514149999999976
length,test,0067,19.15,20.15354999999998
length,test,0068,18.49,18.830049999999993
length,test,0069,18.96,19.498075
length,test,0070,19.88,19.5299
length,test,0071,20.66,20.394274999999997
length,test,0072,19.41,19.63875
length,test,0073,18.04,18.56427499999999
length,test,0074,18.74,20.207999999999988
length,test,0075,19.97,19.278075000000015
length,test,0076,17.3,19.989449999999987
length,test,0077,19.32,19.93809999999999
length,test,0078,18.18,18.9817
length,test,0079,17.83,18.33917499999999
length,test,0080,18.17,18.111575000000002
length,test,0081,17.04,19.8723
length,test,0082,15.9,17.63274999999999
length,test,0083,18.47,19.725124999999995
length,test,0084,18.19,18.545699999999975
length,test,0085,18.46,18.822099999999985
length,test,0086,18.0,18.865025
length,test,0087,17.55,19.145499999999984
length,test,0088,18.28,18.825774999999997
length,test,0089,18.57,20.582024999999973
length,test,0090,17.99,19.049950000000003
length,test,0091,19.41,20.017099999999992
length,test,0092,19.36,19.616399999999953
length,test,0093,18.15,18.312499999999996
length,test,0094,17.63,19.45567499999998
length,test,0095,18.91,17.78757499999998
length,test,0096,20.01,20.513675000000003
length,test,0097,18.52,19.900724999999994
length,test,0098,21.3,20.13314999999999
length,test,0099,20.23,19.615775000000003
length,test,0100,22.23,20.675275000000006
length,test,0101,19.51,19.855100000000004
length,test,0102,20.64,19.59057499999998
length,test,1002,20.42,21.247450000000022
length,test,1003,22.55,21.87444999999996
length,test,1004,21.32,20.685175
length,test,1005,21.18,20.75947499999998
length,test,1006,22.29,21.961175000000022
length,test,1007,22.52,20.749275
length,test,1008,19.23,20.527875000000012
length,test,1009,21.99,20.923824999999994
length,test,1010,21.41,21.259174999999978
length,test,1011,21.47,21.402649999999984
length,test,1012,22.55,21.445999999999984
length,test,1013,21.1,21.57314999999999
length,test,1014,22.17,21.391500000000004
length,test,1015,22.5,21.19997499999998
length,test,1016,21.72,21.534349999999975
length,test,1017,21.41,21.365599999999983
length,test,1018,20.38,21.449924999999986
length,test,1019,20.21,21.249174999999994
length,test,1020,21.76,21.377424999999985
length,test,1021,21.3,21.663324999999983
length,test,1022,21.98,21.341799999999992
length,test,1023,20.27,20.81435000000001
length,test,1024,23.0,21.030299999999983
length,test,1025,20.9,21.331449999999975
length,test,1026,18.94,20.86027499999997
length,test,1027,19.75,20.72975000000002
length,test,1028,21.35,20.811425000000018
length,test,1029,20.24,20.974825000000013
length,test,1030,20.75,21.360849999999978
length,test,1031,20.4,21.479074999999966
length,test,1032,21.05,20.81282499999999
length,test,1033,20.6,21.32052499999998
length,test,1034,21.74,21.394475000000014
length,test,1035,22.25,21.596799999999995
length,test,1036,21.55,21.800099999999993
length,test,1037,21.58,22.159074999999987
length,test,1038,21.75,21.593500000000027
length,test,1039,20.7,21.616799999999994
length,test,1040,22.35,21.356424999999987
length,test,1041,22.46,20.82337500000002
length,test,1042,23.64,21.425299999999982
length,test,1043,22.69,20.836149999999993
length,test,1044,19.54,20.855075000000014
length,test,1045,20.07,20.662550000000014
length,test,1046,20.44,20.954624999999997
length,test,1047,22.09,21.852275
length,test,1048,20.15,20.519799999999996
length,test,1049,20.63,21.213175
length,test,1050,21.14,21.160099999999986
length,test,1051,20.36,21.452074999999983
length,test,1052,20.02,21.266125000000024
length,test,1053,22.3,21.355524999999997
length,test,1054,23.72,21.713400000000007
length,test,1055,22.0,21.335325000000008
length,test,1056,17.0,20.62052500000001
length,test,1057,19.02,21.733549999999987
length,test,1058,22.57,21.326774999999998
length,test,1059,20.26,21.430799999999962
length,test,1060,22.32,21.031025
length,test,1061,19.9,20.591949999999976
length,test,1062,21.0,21.572975000000024
length,test,1063,22.42,21.872999999999983
length,test,1064,19.93,20.997025000000008
length,test,1065,20.02,21.196124999999984
length,test,1066,20.58,21.414599999999997
length,test,1067,20.37,21.399175000000017
length,test,1068,22.6,22.211425000000013
length,test,1069,20.4,20.91304999999998
length,test,1070,20.37,21.895100000000003
length,test,1071,19.0,20.756900000000016
length,test,1072,19.85,21.458925000000008
length,test,1073,20.3,21.072449999999975
length,test,1074,21.66,21.26550000000001
length,test,1075,21.97,21.23555000000004
length,test,1076,20.62,20.95329999999999
length,test,1077,20.62,21.195800000000013
length,test,1078,19.68,21.303950000000018
length,test,1079,20.27,21.239725000000018
length,test,1080,18.53,21.14904999999996
